Type of Data,Antibody or Mixture,H1N1 A/Weiss/1943,H1N1 A/Fort Monmouth/1/1947,H1N1 A/Kiev/1/1957,H1N1 A/New Jersey/8/1976,H1N1 A/USSR/90/1977,H1N1 A/Chile/1/1983,H1N1 A/Memphis/4/1987,H1N1 A/Beijing/262/1995,H1N1 A/New York/638/1995,H1N1 A/New York/653/1996,H1N1 A/Shanghai/8/1996,H1N1 A/New Caledonia/20/1999,H1N1 A/Canterbury/76/2000,H1N1 A/New York/146/2000,H1N1 A/Morioka/3/2005,H1N1 A/Solomon Islands/03/2006,H1N1 A/New York/08-1326/2008,H1N1 A/California/07/2009,H1N1 A/Idaho/07/2018,H1N1 A/WSN/1933,H1N1 A/Puerto Rico/8/1934,H1N1 A/Malaysia/1954,H1N1 A/Boston/YGA-01050/2012,H1N1 A/Michigan/45/2015,H3N2 A/Aichi/2/1968,H3N2 A/Port Chalmers/1/1973,H3N2 A/Bilthoven/1761/1976,H3N2 A/Texas/1/1977,H3N2 A/Netherlands/209/1980,H3N2 A/Philippines/2/1982,H3N2 A/Colorado/2/1986,H3N2 A/Shanghai/11/1987,H3N2 A/Sichuan/2/1987,H3N2 A/Beijing/353/1989,H3N2 A/Shandong/9/1993,H3N2 A/Brisbane/8/1996,H3N2 A/Sydney/5/1997,H3N2 A/Moscow/10/1999,H3N2 A/Fujian/411/2002,H3N2 A/Wisconsin/67/2005,H3N2 A/Brisbane/10/2007,H3N2 A/Perth/16/2009,H3N2 A/Victoria/361/2011,H3N2 A/Texas/50/2012,H3N2 A/Switzerland/9715293/2013,H3N2 A/Hong Kong/4801/2014,H3N2 A/Singapore/INFIMH-160019/2016,H3N2 A/Perth/1008/2019,H3N2 A/Johannesburg/33/1994,H3N2 A/California/07/2004,H3N2 A/Indiana/10/2011
"Monoclonal Antibody, IC50 (Molar)",Stem Ab 1,>0.000000165,>0.000000165,>0.000000165,>0.000000165,>0.000000165,>0.000000165,>0.000000165,>0.000000165,>0.000000165,>0.000000165,>0.000000165,>0.000000165,>0.000000165,>0.000000165,>0.000000165,>0.000000165,>0.000000165,>0.000000165,-,>0.000000165,>0.000000165,>0.000000165,>0.000000165,>0.000000165,3.83E-09,2.21E-09,2.05E-09,2.42E-09,2.10E-09,3.96E-09,2.36E-09,3.46E-09,2.09E-09,2.91E-09,4.09E-09,1.10E-09,5.48E-09,5.00E-09,2.14E-08,1.33E-08,1.60E-08,1.42E-09,2.55E-09,3.41E-09,4.20E-09,1.69E-09,3.43E-09,-,2.03E-09,2.11E-08,4.83E-09
"Monoclonal Antibody, IC50 (Molar)",Stem Ab 2,>0.000000165,>0.000000165,>0.000000165,>0.000000165,>0.000000165,>0.000000165,>0.000000165,>0.000000165,>0.000000165,>0.000000165,>0.000000165,>0.000000165,>0.000000165,>0.000000165,>0.000000165,>0.000000165,>0.000000165,>0.000000165,-,>0.000000165,>0.000000165,>0.000000165,>0.000000165,>0.000000165,2.36E-09,8.41E-10,5.37E-10,4.36E-10,8.88E-10,1.27E-09,5.41E-10,9.61E-10,1.57E-09,8.41E-10,1.31E-09,6.18E-10,3.27E-09,7.03E-09,9.96E-09,4.56E-09,4.49E-09,1.82E-09,2.42E-09,9.10E-09,9.65E-09,2.86E-09,5.70E-09,3.45E-08,1.10E-09,8.95E-09,2.24E-08
"Monoclonal Antibody, IC50 (Molar)",Stem Ab 3,>0.000000165,>0.000000165,>0.000000165,>0.000000165,>0.000000165,>0.000000165,>0.000000165,>0.000000165,4.58E-08,>0.000000165,>0.000000165,>0.000000165,>0.000000165,>0.000000165,>0.000000165,>0.000000165,>0.000000165,>0.000000165,-,2.66E-08,>0.000000165,>0.000000165,>0.000000165,>0.000000165,1.18E-09,1.03E-09,6.13E-10,3.60E-10,7.74E-10,8.84E-10,3.37E-10,9.45E-10,7.43E-10,7.74E-10,1.15E-09,4.62E-10,1.24E-09,2.16E-09,4.74E-09,2.55E-09,3.19E-09,6.50E-10,1.24E-09,6.52E-09,6.69E-09,1.60E-09,4.80E-09,1.50E-08,7.61E-10,4.30E-09,1.97E-08
"Monoclonal Antibody, IC50 (Molar)",Stem Ab 4,>0.000000165,>0.000000165,>0.000000165,>0.000000165,>0.000000165,>0.000000165,>0.000000165,>0.000000165,>0.000000165,>0.000000165,>0.000000165,>0.000000165,>0.000000165,>0.000000165,>0.000000165,>0.000000165,>0.000000165,>0.000000165,-,>0.000000165,>0.000000165,>0.000000165,>0.000000165,>0.000000165,5.30E-09,2.27E-09,1.52E-09,1.02E-09,3.01E-09,2.77E-09,6.83E-10,1.82E-09,1.45E-09,1.95E-09,2.70E-09,6.95E-10,5.21E-09,4.06E-09,4.75E-08,4.73E-08,1.38E-08,5.39E-09,3.99E-09,2.64E-08,2.08E-08,5.62E-09,1.07E-08,-,3.49E-09,2.66E-08,>0.000000165
"Monoclonal Antibody, IC50 (Molar)",Stem Ab 5,-,>0.000000165,>0.000000165,>0.000000165,>0.000000165,>0.000000165,>0.000000165,>0.000000165,>0.000000165,-,>0.000000165,-,>0.000000165,>0.000000165,-,-,>0.000000165,>0.000000165,>0.000000165,>0.000000165,-,-,-,>0.000000165,1.60E-08,-,1.27E-09,6.76E-09,-,-,5.15E-10,-,-,-,4.60E-09,5.41E-10,-,-,9.99E-08,-,-,-,2.82E-09,1.05E-07,4.24E-09,2.90E-09,-,6.90E-08,-,1.26E-07,-
"Monoclonal Antibody, IC50 (Molar)",Stem Ab 6,-,>0.000000165,>0.000000165,>0.000000165,>0.000000165,>0.000000165,>0.000000165,>0.000000165,>0.000000165,-,>0.000000165,-,>0.000000165,>0.000000165,-,-,>0.000000165,>0.000000165,>0.000000165,>0.000000165,-,-,-,>0.000000165,5.72E-08,-,4.21E-09,2.29E-08,-,-,6.01E-10,-,-,-,6.15E-09,8.91E-10,-,-,8.05E-08,-,-,-,6.23E-09,9.02E-08,1.60E-08,4.53E-09,-,6.60E-08,-,6.73E-08,-
"Monoclonal Antibody, IC50 (Molar)",Stem Ab 7,>0.000000165,>0.000000165,>0.000000165,>0.000000165,>0.000000165,>0.000000165,>0.000000165,>0.000000165,>0.000000165,>0.000000165,>0.000000165,>0.000000165,>0.000000165,>0.000000165,>0.000000165,>0.000000165,>0.000000165,1.11E-08,-,>0.000000165,>0.000000165,>0.000000165,1.73E-08,1.44E-08,6.31E-09,5.62E-09,3.35E-09,2.17E-09,2.93E-09,3.52E-09,1.10E-09,3.08E-09,1.77E-09,2.98E-09,4.64E-09,4.98E-10,3.49E-09,3.99E-09,4.93E-09,6.05E-09,8.37E-09,2.30E-09,4.68E-09,1.02E-08,1.03E-08,4.23E-09,9.50E-09,-,5.39E-09,4.92E-09,3.20E-08
"Monoclonal Antibody, IC50 (Molar)",Stem Ab 8,-,>0.000000165,>0.000000165,>0.000000165,>0.000000165,>0.000000165,>0.000000165,>0.000000165,>0.000000165,-,>0.000000165,-,>0.000000165,>0.000000165,-,-,>0.000000165,1.74E-08,2.98E-09,>0.000000165,-,-,-,1.28E-08,1.44E-08,-,9.90E-10,5.48E-09,-,-,2.18E-10,-,-,-,3.07E-09,3.63E-10,-,-,1.18E-08,-,-,-,2.92E-09,4.24E-08,4.98E-09,1.55E-09,-,3.57E-08,-,1.17E-08,-
"Monoclonal Antibody, IC50 (Molar)",Stem Ab 9,>0.000000165,>0.000000165,>0.000000165,8.91E-08,>0.000000165,>0.000000165,>0.000000165,>0.000000165,1.20E-08,4.03E-09,1.51E-08,>0.000000165,>0.000000165,>0.000000165,>0.000000165,>0.000000165,>0.000000165,4.85E-08,-,8.78E-10,>0.000000165,>0.000000165,>0.000000165,>0.000000165,1.92E-09,4.86E-10,4.51E-10,1.82E-10,2.85E-10,7.36E-10,2.47E-10,7.81E-10,6.39E-10,7.06E-10,1.03E-09,3.34E-10,2.38E-09,2.03E-09,>0.000000165,>0.000000165,5.57E-09,3.11E-09,4.23E-09,9.45E-08,5.93E-08,1.14E-08,1.37E-08,-,9.77E-10,>0.000000165,1.59E-08
"Monoclonal Antibody, IC50 (Molar)",Stem Ab 10,>0.000000165,>0.000000165,>0.000000165,8.31E-09,>0.000000165,5.45E-08,>0.000000165,>0.000000165,8.03E-09,2.84E-09,3.92E-09,>0.000000165,>0.000000165,>0.000000165,7.93E-08,>0.000000165,>0.000000165,4.13E-09,-,6.65E-08,>0.000000165,>0.000000165,3.84E-08,4.18E-08,1.89E-09,1.65E-09,8.77E-10,4.66E-10,2.30E-09,9.30E-10,7.18E-10,1.23E-09,1.13E-09,1.95E-09,1.84E-09,4.51E-10,6.10E-09,4.30E-09,2.78E-08,9.10E-09,6.69E-09,2.61E-09,2.38E-09,2.27E-08,1.55E-08,3.16E-09,6.41E-09,-,7.68E-10,1.48E-08,9.41E-09
"Monoclonal Antibody, IC50 (Molar)",Stem Ab 11,-,1.62E-07,1.76E-08,2.60E-08,6.78E-08,>0.000000165,>0.000000165,>0.000000165,>0.000000165,-,>0.000000165,-,2.13E-08,>0.000000165,-,-,>0.000000165,2.36E-09,1.12E-09,6.24E-09,-,-,-,5.12E-09,1.34E-08,-,1.20E-09,7.01E-09,-,-,3.04E-10,-,-,-,1.99E-09,2.57E-10,-,-,1.43E-08,-,-,-,1.12E-09,2.20E-08,2.82E-09,1.02E-09,-,2.33E-08,-,1.56E-08,-
"Monoclonal Antibody, IC50 (Molar)",Stem Ab 12,-,6.31E-09,4.54E-08,2.55E-09,3.39E-09,8.16E-09,9.97E-09,1.80E-08,4.47E-09,-,2.94E-09,-,7.78E-09,1.98E-08,-,-,1.02E-08,>0.000000165,1.92E-08,1.04E-09,-,-,-,>0.000000165,6.75E-09,-,8.71E-10,2.53E-09,-,-,1.32E-10,-,-,-,2.29E-09,1.32E-10,-,-,1.97E-08,-,-,-,1.43E-09,6.00E-08,4.94E-09,1.81E-09,-,3.85E-08,-,1.55E-08,-
"Monoclonal Antibody, IC50 (Molar)",Stem Ab 13,-,5.36E-08,>0.000000165,>0.000000165,1.29E-07,>0.000000165,2.96E-08,>0.000000165,>0.000000165,-,>0.000000165,-,>0.000000165,>0.000000165,-,-,>0.000000165,>0.000000165,>0.000000165,5.51E-08,-,-,-,>0.000000165,>0.000000165,-,1.53E-08,2.04E-08,-,-,1.89E-08,-,3.51E-08,-,1.93E-08,1.76E-09,-,-,4.14E-08,1.32E-08,-,-,3.11E-08,1.17E-07,1.93E-08,1.02E-08,-,9.27E-08,-,2.50E-08,1.32E-08
"Monoclonal Antibody, IC50 (Molar)",Stem Ab 14,-,4.91E-08,>0.000000165,2.01E-08,2.12E-08,5.08E-08,2.80E-08,>0.000000165,>0.000000165,-,3.08E-08,-,>0.000000165,>0.000000165,-,-,>0.000000165,6.98E-09,4.46E-09,2.32E-08,-,-,-,1.68E-08,9.23E-08,-,4.11E-09,3.16E-08,-,-,7.66E-10,-,1.85E-08,-,1.20E-08,5.81E-10,-,-,6.35E-08,1.25E-08,-,-,1.21E-08,6.37E-08,8.14E-09,2.36E-09,-,1.04E-07,-,5.27E-08,2.13E-08
"Monoclonal Antibody, IC50 (Molar)",Stem Ab 15,2.61E-09,1.03E-08,8.59E-09,3.77E-09,9.97E-09,1.08E-08,1.56E-08,6.94E-08,1.91E-08,3.30E-09,3.61E-09,>0.000000165,1.51E-07,>0.000000165,2.11E-08,4.28E-08,>0.000000165,5.48E-09,-,3.04E-10,2.14E-08,5.36E-08,1.24E-08,1.60E-08,7.84E-09,1.95E-09,1.71E-09,1.21E-09,5.34E-09,4.96E-09,2.68E-09,3.73E-09,3.70E-09,4.68E-09,4.79E-09,>0.000000165,>0.000000165,>0.000000165,>0.000000165,>0.000000165,3.15E-08,1.05E-08,1.32E-08,3.34E-08,3.69E-08,8.03E-09,1.75E-08,-,6.10E-09,>0.000000165,>0.000000165
"Monoclonal Antibody, IC50 (Molar)",Stem Ab 16,1.64E-09,5.12E-09,1.56E-08,6.42E-09,9.57E-09,4.64E-09,1.30E-08,7.61E-08,3.99E-09,5.21E-09,2.42E-09,2.94E-08,2.24E-08,1.54E-07,1.07E-08,1.37E-08,7.00E-08,2.44E-09,5.52E-09,1.02E-09,1.09E-08,2.62E-08,3.77E-09,5.48E-09,>0.000000165,4.14E-08,2.24E-08,1.40E-08,5.64E-08,3.45E-08,2.01E-08,3.60E-08,3.04E-08,9.77E-08,3.63E-08,1.29E-08,>0.000000165,>0.000000165,>0.000000165,>0.000000165,>0.000000165,6.88E-08,6.08E-08,>0.000000165,1.62E-07,3.51E-08,>0.000000165,>0.000000165,6.28E-08,>0.000000165,>0.000000165
"Monoclonal Antibody, IC50 (Molar)",Stem Ab 17,9.61E-10,1.01E-09,4.78E-10,3.05E-10,5.11E-10,5.11E-10,2.08E-10,9.69E-10,1.15E-09,4.08E-10,5.06E-10,6.78E-10,8.77E-10,2.05E-09,5.37E-10,2.73E-10,1.37E-09,1.02E-09,1.76E-09,8.58E-11,4.62E-10,3.69E-10,7.74E-10,1.58E-09,2.19E-09,1.95E-09,2.00E-09,2.77E-09,2.40E-09,1.45E-09,9.45E-10,3.21E-09,1.77E-09,2.96E-09,4.56E-09,4.25E-10,3.58E-09,2.53E-09,1.41E-08,5.62E-09,5.71E-09,2.70E-09,3.19E-09,1.36E-08,8.52E-09,2.70E-09,2.40E-09,4.62E-08,6.36E-09,1.01E-08,1.48E-08
"Monoclonal Antibody, IC50 (Molar)",Stem Ab 18,1.47E-09,1.06E-09,1.55E-09,1.34E-09,1.61E-09,9.77E-10,7.18E-10,3.14E-09,4.87E-09,1.07E-09,2.65E-09,2.63E-09,1.53E-09,3.93E-09,1.07E-09,3.63E-10,2.03E-09,2.52E-09,4.16E-09,1.78E-10,1.51E-09,2.27E-09,6.80E-09,8.88E-09,4.68E-09,1.81E-09,2.00E-09,1.16E-09,2.12E-09,2.55E-09,3.64E-09,3.16E-09,3.35E-09,4.16E-09,4.56E-09,1.12E-09,3.11E-09,1.04E-08,1.68E-08,5.76E-09,1.01E-08,4.79E-09,5.81E-09,7.45E-09,1.02E-08,2.86E-09,5.21E-09,2.82E-08,3.41E-09,1.11E-08,5.17E-09
"Monoclonal Antibody, IC50 (Molar)",Stem Ab 19,1.89E-09,1.36E-09,3.21E-09,6.72E-10,1.21E-09,9.69E-10,1.29E-09,1.55E-08,5.39E-09,1.28E-09,2.05E-09,4.41E-09,2.29E-09,6.69E-09,1.27E-09,1.24E-09,1.76E-09,7.06E-10,3.70E-09,2.11E-10,1.99E-09,5.25E-09,4.91E-09,6.52E-09,3.06E-09,1.74E-09,1.60E-09,7.74E-10,3.06E-09,2.46E-09,1.76E-09,2.48E-09,3.80E-09,4.56E-09,2.93E-09,1.05E-09,5.71E-09,>0.000000165,3.06E-08,6.63E-09,1.45E-08,6.36E-09,7.21E-09,1.54E-08,1.28E-08,4.34E-09,4.92E-09,>0.000000165,2.40E-09,1.45E-08,5.78E-09
"Monoclonal Antibody, IC50 (Molar)",Stem Ab 20,9.14E-10,8.27E-10,3.61E-09,1.74E-09,2.19E-09,1.74E-09,2.48E-09,1.51E-08,3.55E-09,1.38E-09,1.86E-09,3.64E-09,2.84E-09,1.03E-08,1.28E-09,6.13E-10,4.92E-09,1.79E-09,-,3.04E-10,2.68E-09,3.19E-09,2.27E-09,6.52E-09,1.21E-08,3.70E-09,2.74E-09,2.00E-09,8.58E-09,2.84E-09,1.82E-09,3.41E-09,3.44E-09,6.97E-09,3.93E-09,5.69E-10,4.75E-09,>0.000000165,2.66E-08,7.09E-09,1.64E-08,8.10E-09,8.80E-09,1.37E-08,1.55E-08,4.03E-09,8.20E-09,>0.000000165,5.71E-09,1.31E-08,4.49E-09
"Monoclonal Antibody, IC50 (Molar)",Stem Ab 21,6.08E-10,1.13E-09,2.16E-09,9.94E-10,1.95E-09,7.81E-10,2.44E-09,2.02E-09,2.46E-09,8.34E-10,3.12E-10,1.84E-09,1.89E-09,7.77E-09,1.33E-09,5.32E-10,4.41E-09,1.69E-09,-,2.31E-10,2.94E-09,3.06E-09,2.25E-09,2.88E-09,9.18E-09,1.28E-08,4.13E-09,1.17E-08,1.58E-08,4.37E-09,3.86E-09,6.31E-09,5.34E-09,1.56E-08,1.10E-08,1.83E-09,1.97E-08,4.20E-09,9.29E-08,5.10E-08,3.28E-08,5.81E-09,8.88E-09,8.62E-08,4.14E-08,7.03E-09,1.86E-08,-,1.25E-08,2.39E-08,1.93E-08
"Monoclonal Antibody, IC50 (Molar)",Stem Ab 22,6.55E-10,1.21E-09,7.55E-10,4.51E-10,6.18E-10,7.12E-10,1.13E-09,2.48E-09,1.28E-09,7.30E-10,1.00E-09,7.81E-10,1.42E-09,2.40E-09,6.34E-10,1.96E-10,8.12E-10,3.96E-10,4.49E-10,9.24E-11,7.59E-10,9.94E-10,9.61E-10,1.07E-09,3.44E-08,1.96E-08,2.47E-08,8.24E-09,2.73E-08,3.78E-08,2.03E-09,1.58E-08,6.86E-09,1.77E-08,2.05E-08,3.48E-09,1.99E-08,5.36E-08,1.13E-07,6.66E-08,6.94E-08,2.82E-08,2.11E-08,9.06E-08,2.24E-08,1.49E-08,1.05E-08,9.62E-09,4.11E-08,9.06E-08,1.77E-08
"Monoclonal Antibody, IC50 (Molar)",Stem Ab 23,-,1.85E-09,2.18E-09,5.87E-10,1.28E-09,2.03E-09,1.68E-09,3.30E-09,3.04E-09,-,1.07E-09,3.52E-09,2.22E-09,1.53E-09,-,5.83E-10,9.31E-10,9.83E-10,1.11E-09,3.89E-10,-,-,-,2.34E-09,1.41E-08,-,1.35E-09,9.54E-09,-,-,2.79E-09,-,>0.000000165,-,2.12E-08,1.25E-08,-,-,>0.000000165,>0.000000165,-,-,>0.000000165,>0.000000165,8.37E-08,1.23E-08,-,>0.000000165,-,>0.000000165,>0.000000165
"Monoclonal Antibody, IC50 (Molar)",Stem Ab 24,1.60E-09,2.92E-09,1.50E-09,6.40E-10,1.23E-09,3.33E-09,3.16E-09,5.37E-09,6.82E-09,-,1.39E-09,-,3.07E-09,3.66E-09,-,-,1.10E-09,1.08E-09,1.02E-09,4.88E-10,-,-,-,2.28E-09,>0.000000165,-,>0.000000165,>0.000000165,-,-,8.84E-09,-,-,-,>0.000000165,3.85E-08,-,-,>0.000000165,-,-,-,1.85E-08,>0.000000165,1.16E-08,5.35E-09,-,1.15E-07,-,>0.000000165,-
"Monoclonal Antibody, IC50 (Molar)",Stem Ab 25,6.18E-10,5.88E-10,4.98E-10,5.11E-10,3.81E-10,6.34E-10,5.93E-10,9.53E-10,1.78E-09,6.44E-10,1.07E-09,1.34E-09,9.22E-10,2.44E-09,4.94E-10,2.92E-10,7.77E-10,1.54E-09,-,8.58E-11,4.95E-10,7.36E-10,2.72E-09,2.63E-09,>0.000000165,>0.000000165,>0.000000165,>0.000000165,>0.000000165,>0.000000165,>0.000000165,>0.000000165,>0.000000165,>0.000000165,>0.000000165,>0.000000165,>0.000000165,>0.000000165,>0.000000165,>0.000000165,>0.000000165,>0.000000165,>0.000000165,>0.000000165,>0.000000165,>0.000000165,>0.000000165,-,>0.000000165,>0.000000165,>0.000000165
"Monoclonal Antibody, IC50 (Molar)",Stem Ab 26,-,2.46E-09,2.07E-09,8.18E-10,1.52E-09,3.19E-09,2.50E-09,4.11E-09,2.96E-09,-,7.72E-10,-,2.82E-09,2.80E-09,-,-,1.43E-09,1.01E-09,6.20E-10,6.73E-10,-,-,-,2.12E-09,>0.000000165,-,>0.000000165,>0.000000165,-,-,>0.000000165,-,-,-,>0.000000165,>0.000000165,-,-,>0.000000165,-,-,-,>0.000000165,>0.000000165,>0.000000165,>0.000000165,-,>0.000000165,-,>0.000000165,-
"Monoclonal Antibody, IC50 (Molar)",Stem Ab 27,1.36E-09,6.78E-10,1.18E-09,1.07E-09,1.77E-09,8.99E-10,1.14E-09,3.16E-09,5.08E-09,1.52E-09,1.87E-09,2.42E-09,4.16E-09,1.64E-09,2.29E-09,4.22E-10,1.02E-09,2.93E-09,-,2.84E-10,3.41E-09,1.34E-09,2.05E-09,2.72E-09,>0.000000165,>0.000000165,>0.000000165,>0.000000165,>0.000000165,>0.000000165,>0.000000165,>0.000000165,>0.000000165,>0.000000165,>0.000000165,>0.000000165,>0.000000165,>0.000000165,>0.000000165,>0.000000165,>0.000000165,>0.000000165,>0.000000165,>0.000000165,>0.000000165,>0.000000165,>0.000000165,-,>0.000000165,>0.000000165,>0.000000165
"Monoclonal Antibody, IC50 (Molar)",Head Ab 1,>0.000000165,>0.000000165,6.34E-10,>0.000000165,>0.000000165,>0.000000165,>0.000000165,1.58E-10,>0.000000165,>0.000000165,>0.000000165,5.55E-10,5.83E-10,>0.000000165,2.54E-10,2.90E-08,3.44E-08,>0.000000165,-,-,-,-,-,-,1.60E-09,>0.000000165,>0.000000165,>0.000000165,>0.000000165,>0.000000165,>0.000000165,>0.000000165,>0.000000165,-,>0.000000165,>0.000000165,>0.000000165,4.39E-08,1.98E-10,6.55E-10,1.80E-10,4.03E-11,7.16E-11,1.23E-10,1.39E-09,2.81E-09,2.90E-10,>0.000000165,>0.000000165,3.02E-10,-
"Monoclonal Antibody, IC50 (Molar)",Head Ab 2,1.04E-09,>0.000000165,>0.000000165,7.48E-08,>0.000000165,>0.000000165,1.31E-10,1.96E-10,5.62E-11,5.30E-11,9.34E-11,1.51E-09,4.15E-10,6.60E-11,1.86E-10,1.93E-10,9.37E-09,>0.000000165,-,-,-,-,-,-,>0.000000165,>0.000000165,>0.000000165,>0.000000165,>0.000000165,>0.000000165,>0.000000165,>0.000000165,>0.000000165,-,>0.000000165,>0.000000165,>0.000000165,>0.000000165,>0.000000165,>0.000000165,>0.000000165,>0.000000165,>0.000000165,>0.000000165,>0.000000165,>0.000000165,>0.000000165,-,>0.000000165,>0.000000165,-
"Monoclonal Antibody, IC50 (Molar)",Head Ab 3,>0.000000165,>0.000000165,>0.000000165,>0.000000165,>0.000000165,>0.000000165,>0.000000165,>0.000000165,>0.000000165,>0.000000165,>0.000000165,>0.000000165,>0.000000165,>0.000000165,>0.000000165,>0.000000165,>0.000000165,>0.000000165,-,-,-,-,-,-,5.64E-10,1.10E-09,7.12E-10,2.47E-10,2.17E-09,6.74E-09,6.92E-09,1.48E-08,5.00E-09,-,1.66E-08,7.94E-10,3.61E-09,6.58E-09,>0.000000165,7.06E-08,5.23E-08,7.45E-09,1.55E-08,>0.000000165,1.49E-07,8.37E-09,5.21E-09,4.48E-09,4.71E-09,>0.000000165,-
"Monoclonal Antibody, IC50 (Molar)",Head Ab 4,>0.000000165,>0.000000165,>0.000000165,>0.000000165,>0.000000165,>0.000000165,>0.000000165,2.66E-08,>0.000000165,>0.000000165,>0.000000165,1.56E-07,>0.000000165,>0.000000165,5.88E-08,2.66E-08,4.75E-08,>0.000000165,-,-,-,-,-,-,2.95E-10,2.64E-10,1.99E-10,2.52E-10,6.50E-10,3.02E-10,3.00E-10,6.66E-10,7.30E-10,-,1.99E-10,1.30E-10,3.69E-10,1.90E-10,4.90E-08,5.02E-10,1.22E-09,4.34E-11,1.12E-10,2.76E-10,4.58E-08,2.48E-09,2.44E-10,9.61E-08,8.59E-11,6.34E-10,-
"Monoclonal Antibody, IC50 (Molar)",Head Ab 5,-,1.06E-10,>0.000000165,5.08E-10,1.98E-11,6.20E-10,6.33E-08,>0.000000165,7.70E-08,-,1.93E-08,-,>0.000000165,3.09E-08,-,-,4.72E-09,2.44E-10,>0.000000165,>0.000000165,-,-,-,>0.000000165,>0.000000165,-,>0.000000165,>0.000000165,-,-,>0.000000165,-,-,-,>0.000000165,>0.000000165,-,-,>0.000000165,-,-,-,>0.000000165,>0.000000165,>0.000000165,>0.000000165,-,>0.000000165,-,>0.000000165,-
"Monoclonal Antibody, IC50 (Molar)",Head Ab 6,3.64E-09,1.32E-08,2.46E-09,4.83E-09,3.96E-09,6.89E-10,6.11E-11,>0.000000165,3.12E-10,1.40E-10,1.66E-10,>0.000000165,1.49E-09,9.34E-11,1.18E-09,>0.000000165,>0.000000165,4.58E-08,3.37E-10,-,-,-,-,-,>0.000000165,>0.000000165,>0.000000165,>0.000000165,>0.000000165,>0.000000165,>0.000000165,>0.000000165,>0.000000165,-,>0.000000165,>0.000000165,>0.000000165,>0.000000165,>0.000000165,>0.000000165,>0.000000165,>0.000000165,>0.000000165,>0.000000165,>0.000000165,>0.000000165,>0.000000165,-,>0.000000165,>0.000000165,-
"Antibody Mixture, IC50 (Molar)",Stem Ab 1 + Head Ab 3,>0.00000033,>0.00000033,>0.00000033,>0.00000033,>0.00000033,>0.00000033,>0.00000033,>0.00000033,>0.00000033,>0.00000033,>0.00000033,>0.00000033,>0.00000033,>0.00000033,>0.00000033,>0.00000033,-,>0.00000033,-,-,-,-,-,-,1.20E-09,8.72E-10,1.65E-09,6.68E-10,3.85E-09,3.13E-09,1.97E-09,3.98E-09,7.04E-09,-,7.06E-09,2.70E-09,7.15E-09,1.56E-08,-,1.35E-08,2.69E-08,4.50E-09,4.04E-09,7.72E-09,7.30E-09,1.60E-09,-,-,1.53E-09,3.70E-08,-
"Antibody Mixture, IC50 (Molar)",Stem Ab 1 + Head Ab 4,>0.00000033,>0.00000033,1.88E-07,>0.00000033,>0.00000033,>0.00000033,>0.00000033,3.09E-08,>0.00000033,>0.00000033,>0.00000033,2.72E-07,>0.00000033,>0.00000033,1.54E-07,2.14E-08,-,>0.00000033,-,-,-,-,-,-,2.39E-10,4.68E-10,3.74E-10,7.34E-10,1.77E-09,3.11E-09,5.38E-10,4.13E-09,1.36E-09,-,3.59E-10,4.39E-10,7.04E-10,2.72E-10,-,5.55E-10,9.76E-10,9.93E-11,1.83E-10,1.54E-09,5.72E-09,5.96E-10,-,-,4.94E-10,2.88E-09,-
"Antibody Mixture, IC50 (Molar)",Stem Ab 18 + Head Ab 1,6.23E-09,1.90E-09,5.28E-10,2.11E-09,3.26E-09,2.67E-09,3.27E-09,1.62E-10,2.53E-09,1.43E-09,2.76E-09,7.09E-10,3.76E-10,9.00E-09,3.59E-10,1.90E-09,-,8.69E-09,-,-,-,-,-,-,2.48E-09,6.84E-09,4.82E-09,6.29E-09,1.50E-08,5.91E-09,5.39E-09,4.94E-09,9.81E-09,-,1.40E-08,4.69E-09,1.24E-08,4.18E-08,-,7.50E-10,1.84E-10,2.64E-11,8.94E-11,7.77E-10,1.43E-09,7.10E-10,-,-,4.23E-09,1.44E-09,-
"Antibody Mixture, IC50 (Molar)",Stem Ab 23 + Head Ab 5,-,1.32E-10,2.88E-09,4.49E-10,7.92E-11,1.72E-10,2.63E-09,5.48E-09,3.87E-09,-,1.90E-09,-,2.82E-09,2.95E-09,-,-,1.61E-09,1.39E-10,-,-,-,-,-,3.20E-09,1.72E-08,-,6.47E-09,2.34E-08,-,-,9.80E-08,-,-,-,7.10E-08,>0.00000033,-,-,>0.00000033,-,-,-,>0.00000033,-,>0.00000033,3.34E-08,-,-,-,-,-
"Antibody Mixture, IC50 (Molar)",Stem Ab 26 + Head Ab 2,-,2.36E-09,3.25E-09,6.34E-10,2.18E-09,3.31E-09,1.91E-10,1.78E-10,3.50E-10,-,1.65E-10,-,3.04E-10,1.32E-10,-,-,2.00E-09,1.12E-09,-,-,-,-,-,4.28E-09,>0.00000033,-,>0.00000033,>0.00000033,-,-,>0.00000033,-,-,-,>0.00000033,>0.00000033,-,-,>0.00000033,-,-,-,>0.00000033,-,>0.00000033,>0.00000033,-,-,-,-,-
"Antibody Mixture, IC50 (Molar)",Stem Ab 27 + Head Ab 2,2.26E-09,1.83E-09,6.02E-10,7.16E-10,2.30E-09,3.01E-09,1.53E-10,2.84E-10,1.57E-10,8.49E-11,2.43E-10,2.66E-09,5.34E-10,1.19E-10,2.36E-10,4.12E-10,-,4.54E-09,-,-,-,-,-,-,>0.00000033,>0.00000033,>0.00000033,>0.00000033,>0.00000033,>0.00000033,>0.00000033,>0.00000033,>0.00000033,-,>0.00000033,>0.00000033,>0.00000033,>0.00000033,-,>0.00000033,>0.00000033,>0.00000033,>0.00000033,>0.00000033,>0.00000033,>0.00000033,-,-,>0.00000033,>0.00000033,-
"Antibody Mixture, IC50 (Molar)",Stem Ab 27 + Head Ab 1,5.25E-09,2.24E-09,4.76E-10,1.12E-09,3.24E-09,2.59E-09,3.54E-09,1.79E-10,4.16E-09,2.37E-09,1.85E-09,6.93E-10,4.14E-10,1.45E-08,1.45E-10,2.49E-09,-,6.89E-09,-,-,-,-,-,-,4.18E-09,>0.00000033,>0.00000033,>0.00000033,>0.00000033,>0.00000033,>0.00000033,>0.00000033,>0.00000033,-,>0.00000033,>0.00000033,>0.00000033,>0.00000033,-,7.76E-10,1.67E-10,5.32E-11,7.37E-11,7.03E-10,1.57E-09,1.33E-09,-,-,>0.00000033,1.71E-09,-
"Antibody Mixture, IC50 (Molar)",Stem Ab 1 + Stem Ab 27,2.34E-09,2.34E-09,1.96E-09,3.14E-10,2.70E-09,2.69E-09,3.35E-09,5.34E-09,4.70E-09,1.95E-09,3.05E-09,3.49E-09,5.58E-09,2.02E-08,3.12E-09,3.14E-09,-,2.98E-09,-,-,-,-,-,-,2.94E-08,2.25E-09,9.02E-09,4.94E-09,1.20E-08,9.28E-09,2.64E-09,6.00E-09,1.43E-08,-,1.47E-08,3.91E-09,2.82E-08,6.55E-09,-,4.26E-08,6.26E-08,2.77E-09,4.70E-09,9.43E-09,1.13E-08,1.37E-09,-,-,2.26E-09,6.70E-08,-
"Antibody Mixture, IC50 (Molar)",Stem Ab 2 + Stem Ab 25,8.43E-10,9.62E-10,7.00E-10,6.77E-10,8.24E-10,1.29E-09,9.56E-10,8.07E-10,8.68E-10,8.26E-10,9.25E-10,1.81E-09,1.52E-09,2.92E-09,1.13E-09,1.38E-09,-,1.14E-09,-,-,-,-,-,-,5.57E-09,7.45E-10,1.58E-09,1.23E-09,2.89E-09,1.94E-09,6.73E-10,1.63E-09,1.87E-09,-,3.63E-09,2.60E-09,1.01E-08,6.25E-09,-,8.19E-09,5.82E-09,2.03E-09,3.56E-09,2.38E-08,1.84E-08,3.69E-09,-,-,9.01E-10,1.26E-08,-
"Antibody Mixture, IC50 (Molar)",Stem Ab 22 + Stem Ab 8,-,2.83E-09,1.72E-09,8.58E-10,2.07E-09,1.91E-09,1.45E-09,3.31E-09,5.28E-09,-,1.86E-09,-,2.11E-09,2.72E-09,-,-,1.71E-09,2.71E-10,-,-,-,-,-,2.03E-09,1.33E-08,-,4.27E-09,6.89E-09,-,-,1.08E-09,-,-,-,8.49E-09,1.30E-09,-,-,3.10E-08,-,-,-,4.65E-09,-,1.62E-08,5.01E-09,-,-,-,-,-
"Antibody Mixture, IC50 (Molar)",Stem Ab 22 + Stem Ab 12,-,2.00E-09,1.23E-09,9.44E-10,2.13E-09,1.82E-09,1.69E-09,3.20E-09,2.94E-09,-,1.49E-09,-,3.39E-09,2.33E-09,-,-,1.37E-09,4.22E-10,-,-,-,-,-,1.98E-09,7.54E-09,-,2.28E-09,4.07E-09,-,-,4.36E-10,-,-,-,3.76E-09,4.09E-10,-,-,5.76E-08,-,-,-,4.29E-09,-,1.44E-08,4.69E-09,-,-,-,-,-
"Antibody Mixture, IC50 (Molar)",Stem Ab 17 + Head Ab 1 + Head Ab 6,2.05E-09,1.70E-09,2.65E-10,7.16E-10,1.20E-09,6.36E-10,1.43E-10,2.25E-10,5.19E-10,2.18E-10,5.21E-10,7.17E-10,2.16E-10,1.43E-10,1.99E-10,1.64E-09,-,4.46E-10,-,-,-,-,-,-,2.09E-09,4.71E-09,1.14E-08,4.93E-09,1.50E-08,7.50E-09,3.45E-09,6.08E-09,1.71E-09,-,2.07E-08,6.52E-09,2.67E-08,1.95E-08,-,3.66E-10,2.16E-10,6.65E-11,1.19E-10,7.27E-10,2.17E-09,2.02E-09,-,-,8.75E-09,1.59E-09,-
"Antibody Mixture, IC50 (Molar)",Stem Ab 3 + Head Ab 4 + Head Ab 1,>0.000000495,>0.000000495,1.03E-09,>0.000000495,>0.000000495,>0.000000495,>0.000000495,2.89E-10,1.45E-07,>0.000000495,>0.000000495,9.11E-10,5.53E-10,>0.000000495,5.58E-10,9.63E-09,-,>0.000000495,-,-,-,-,-,-,3.20E-10,3.60E-10,5.76E-10,5.64E-10,1.89E-09,2.45E-09,5.24E-10,2.21E-09,3.91E-09,-,4.30E-10,2.93E-10,7.35E-10,4.59E-10,-,7.93E-10,2.46E-10,2.04E-11,8.22E-11,7.18E-10,2.25E-09,3.21E-10,-,-,9.42E-10,1.20E-09,-
"Antibody Mixture, IC50 (Molar)",Stem Ab 1 + Stem Ab 27 + Head Ab 1,6.75E-09,2.85E-09,6.24E-10,2.48E-09,3.71E-09,1.56E-09,4.47E-09,2.60E-10,4.21E-09,2.44E-09,3.12E-09,1.03E-09,4.82E-10,2.51E-08,5.37E-10,3.67E-09,-,8.31E-09,-,-,-,-,-,-,3.13E-09,3.71E-09,1.03E-08,5.80E-09,1.85E-08,1.36E-08,3.75E-09,8.52E-09,1.90E-08,-,1.89E-08,8.35E-09,3.35E-08,4.48E-08,-,9.62E-10,2.67E-10,3.78E-11,1.86E-10,9.33E-10,1.80E-09,8.33E-10,-,-,4.47E-09,1.98E-09,-
,,,,,,,,,,,,,,,,,,,,,,,,,,,,,,,,,,,,,,,,,,,,,,,,,,,,
,,,,,,,,,,,,,,,,,,,,,,,,,,,,,,,,,,,,,,,,,,,,,,,,,,,,
Type of Data,Antibody or Mixture,H1N1 A/Weiss/1943,H1N1 A/Fort Monmouth/1/1947,H1N1 A/Kiev/1/1957,H1N1 A/New Jersey/8/1976,H1N1 A/USSR/90/1977,H1N1 A/Chile/1/1983,H1N1 A/Memphis/4/1987,H1N1 A/Beijing/262/1995,H1N1 A/New York/638/1995,H1N1 A/New York/653/1996,H1N1 A/Shanghai/8/1996,H1N1 A/New Caledonia/20/1999,H1N1 A/Canterbury/76/2000,H1N1 A/New York/146/2000,H1N1 A/Morioka/3/2005,H1N1 A/Solomon Islands/03/2006,H1N1 A/New York/08-1326/2008,H1N1 A/California/07/2009,H1N1 A/Idaho/07/2018,H1N1 A/WSN/1933,H1N1 A/Puerto Rico/8/1934,H1N1 A/Malaysia/1954,H1N1 A/Boston/YGA-01050/2012,H1N1 A/Michigan/45/2015,H3N2 A/Aichi/2/1968,H3N2 A/Port Chalmers/1/1973,H3N2 A/Bilthoven/1761/1976,H3N2 A/Texas/1/1977,H3N2 A/Netherlands/209/1980,H3N2 A/Philippines/2/1982,H3N2 A/Colorado/2/1986,H3N2 A/Shanghai/11/1987,H3N2 A/Sichuan/2/1987,H3N2 A/Beijing/353/1989,H3N2 A/Shandong/9/1993,H3N2 A/Brisbane/8/1996,H3N2 A/Sydney/5/1997,H3N2 A/Moscow/10/1999,H3N2 A/Fujian/411/2002,H3N2 A/Wisconsin/67/2005,H3N2 A/Brisbane/10/2007,H3N2 A/Perth/16/2009,H3N2 A/Victoria/361/2011,H3N2 A/Texas/50/2012,H3N2 A/Switzerland/9715293/2013,H3N2 A/Hong Kong/4801/2014,H3N2 A/Singapore/INFIMH-160019/2016,H3N2 A/Perth/1008/2019,H3N2 A/Johannesburg/33/1994,H3N2 A/California/07/2004,H3N2 A/Indiana/10/2011
"Monoclonal Antibody, IC50 (ug/mL)",Stem Ab 1,>25.,>25.,>25.,>25.,>25.,>25.,>25.,>25.,>25.,>25.,>25.,>25.,>25.,>25.,>25.,>25.,>25.,>25.,-,>25.,>25.,>25.,>25.,>25.,0.58,0.33,0.31,0.37,0.32,0.6,0.36,0.52,0.32,0.44,0.62,0.17,0.83,0.76,3.24,2.02,2.43,0.22,0.39,0.52,0.64,0.26,0.52,-,0.31,3.2,0.73
"Monoclonal Antibody, IC50 (ug/mL)",Stem Ab 2,>25.,>25.,>25.,>25.,>25.,>25.,>25.,>25.,>25.,>25.,>25.,>25.,>25.,>25.,>25.,>25.,>25.,>25.,-,>25.,>25.,>25.,>25.,>25.,0.36,0.13,0.08,0.07,0.13,0.19,0.08,0.15,0.24,0.13,0.2,0.09,0.5,1.07,1.51,0.69,0.68,0.28,0.37,1.38,1.46,0.43,0.86,5.22,0.17,1.36,3.39
"Monoclonal Antibody, IC50 (ug/mL)",Stem Ab 3,>25.,>25.,>25.,>25.,>25.,>25.,>25.,>25.,6.94,>25.,>25.,>25.,>25.,>25.,>25.,>25.,>25.,>25.,-,4.03,>25.,>25.,>25.,>25.,0.18,0.16,0.09,0.05,0.12,0.13,0.05,0.14,0.11,0.12,0.17,0.07,0.19,0.33,0.72,0.39,0.48,0.1,0.19,0.99,1.01,0.24,0.73,2.27,0.12,0.65,2.99
"Monoclonal Antibody, IC50 (ug/mL)",Stem Ab 4,>25.,>25.,>25.,>25.,>25.,>25.,>25.,>25.,>25.,>25.,>25.,>25.,>25.,>25.,>25.,>25.,>25.,>25.,-,>25.,>25.,>25.,>25.,>25.,0.8,0.34,0.23,0.15,0.46,0.42,0.1,0.28,0.22,0.3,0.41,0.11,0.79,0.61,7.19,7.17,2.09,0.82,0.6,4,3.14,0.85,1.61,-,0.53,4.04,>25.
"Monoclonal Antibody, IC50 (ug/mL)",Stem Ab 5,-,>25.,>25.,>25.,>25.,>25.,>25.,>25.,>25.,-,>25.,-,>25.,>25.,-,-,>25.,>25.,>25.,>25.,-,-,-,>25.,2.42,-,0.19,1.02,-,-,0.08,-,-,-,0.7,0.08,-,-,15.13,-,-,-,0.43,15.89,0.64,0.44,-,10.46,-,19.05,-
"Monoclonal Antibody, IC50 (ug/mL)",Stem Ab 6,-,>25.,>25.,>25.,>25.,>25.,>25.,>25.,>25.,-,>25.,-,>25.,>25.,-,-,>25.,>25.,>25.,>25.,-,-,-,>25.,8.67,-,0.64,3.47,-,-,0.09,-,-,-,0.93,0.13,-,-,12.2,-,-,-,0.94,13.66,2.43,0.69,-,10.01,-,10.2,-
"Monoclonal Antibody, IC50 (ug/mL)",Stem Ab 7,>25.,>25.,>25.,>25.,>25.,>25.,>25.,>25.,>25.,>25.,>25.,>25.,>25.,>25.,>25.,>25.,>25.,1.68,-,>25.,>25.,>25.,2.62,2.18,0.96,0.85,0.51,0.33,0.44,0.53,0.17,0.47,0.27,0.45,0.7,0.08,0.53,0.6,0.75,0.92,1.27,0.35,0.71,1.55,1.56,0.64,1.44,-,0.82,0.74,4.85
"Monoclonal Antibody, IC50 (ug/mL)",Stem Ab 8,-,>25.,>25.,>25.,>25.,>25.,>25.,>25.,>25.,-,>25.,-,>25.,>25.,-,-,>25.,2.64,0.45,>25.,-,-,-,1.93,2.19,-,0.15,0.83,-,-,0.03,-,-,-,0.46,0.05,-,-,1.79,-,-,-,0.44,6.42,0.75,0.23,-,5.41,-,1.78,-
"Monoclonal Antibody, IC50 (ug/mL)",Stem Ab 9,>25.,>25.,>25.,13.5,>25.,>25.,>25.,>25.,1.82,0.61,2.29,>25.,>25.,>25.,>25.,>25.,>25.,7.35,-,0.13,>25.,>25.,>25.,>25.,0.29,0.07,0.07,0.03,0.04,0.11,0.04,0.12,0.1,0.11,0.16,0.05,0.36,0.31,>25.,>25.,0.84,0.47,0.64,14.31,8.98,1.73,2.07,-,0.15,>25.,2.41
"Monoclonal Antibody, IC50 (ug/mL)",Stem Ab 10,>25.,>25.,>25.,1.26,>25.,8.26,>25.,>25.,1.22,0.43,0.59,>25.,>25.,>25.,12.02,>25.,>25.,0.63,-,10.07,>25.,>25.,5.82,6.33,0.29,0.25,0.13,0.07,0.35,0.14,0.11,0.19,0.17,0.3,0.28,0.07,0.92,0.65,4.21,1.38,1.01,0.4,0.36,3.45,2.35,0.48,0.97,-,0.12,2.24,1.43
"Monoclonal Antibody, IC50 (ug/mL)",Stem Ab 11,-,24.52,2.66,3.93,10.27,>25.,>25.,>25.,>25.,-,>25.,-,3.22,>25.,-,-,>25.,0.36,0.17,0.95,-,-,-,0.78,2.04,-,0.18,1.06,-,-,0.05,-,-,-,0.3,0.04,-,-,2.17,-,-,-,0.17,3.33,0.43,0.15,-,3.53,-,2.37,-
"Monoclonal Antibody, IC50 (ug/mL)",Stem Ab 12,-,0.96,6.88,0.39,0.51,1.24,1.51,2.73,0.68,-,0.45,-,1.18,3,-,-,1.54,>25.,2.92,0.16,-,-,-,>25.,1.02,-,0.13,0.38,-,-,0.02,-,-,-,0.35,0.02,-,-,2.98,-,-,-,0.22,9.1,0.75,0.27,-,5.83,-,2.35,-
"Monoclonal Antibody, IC50 (ug/mL)",Stem Ab 13,-,8.12,>25.,>25.,19.6,>25.,4.49,>25.,>25.,-,>25.,-,>25.,>25.,-,-,>25.,>25.,>25.,8.36,-,-,-,>25.,>25.,-,2.32,3.08,-,-,2.87,-,5.31,-,2.92,0.27,-,-,6.27,2.01,-,-,4.71,17.65,2.93,1.54,-,14.04,-,3.79,2
"Monoclonal Antibody, IC50 (ug/mL)",Stem Ab 14,-,7.44,>25.,3.04,3.21,7.69,4.24,>25.,>25.,-,4.67,-,>25.,>25.,-,-,>25.,1.06,0.67,3.51,-,-,-,2.54,13.99,-,0.62,4.79,-,-,0.12,-,2.8,-,1.82,0.09,-,-,9.61,1.89,-,-,1.84,9.65,1.23,0.36,-,15.82,-,7.99,3.22
"Monoclonal Antibody, IC50 (ug/mL)",Stem Ab 15,0.4,1.56,1.3,0.57,1.51,1.63,2.37,10.52,2.89,0.5,0.55,>25.,22.81,>25.,3.2,6.49,>25.,0.83,-,0.05,3.24,8.12,1.88,2.43,1.19,0.3,0.26,0.18,0.81,0.75,0.41,0.57,0.56,0.71,0.73,>25.,>25.,>25.,>25.,>25.,4.77,1.59,2.01,5.05,5.59,1.22,2.65,-,0.92,>25.,>25.
"Monoclonal Antibody, IC50 (ug/mL)",Stem Ab 16,0.25,0.78,2.37,0.97,1.45,0.7,1.97,11.53,0.6,0.79,0.37,4.46,3.39,23.39,1.62,2.07,10.6,0.37,0.84,0.15,1.65,3.97,0.57,0.83,>25.,6.28,3.39,2.13,8.54,5.23,3.04,5.45,4.61,14.8,5.49,1.96,>25.,>25.,>25.,>25.,>25.,10.43,9.21,>25.,24.59,5.31,>25.,>25.,9.52,>25.,>25.
"Monoclonal Antibody, IC50 (ug/mL)",Stem Ab 17,0.15,0.15,0.07,0.05,0.08,0.08,0.03,0.15,0.17,0.06,0.08,0.1,0.13,0.31,0.08,0.04,0.21,0.15,0.27,0.01,0.07,0.06,0.12,0.24,0.33,0.3,0.3,0.42,0.36,0.22,0.14,0.49,0.27,0.45,0.69,0.06,0.54,0.38,2.14,0.85,0.87,0.41,0.48,2.06,1.29,0.41,0.36,6.99,0.96,1.52,2.24
"Monoclonal Antibody, IC50 (ug/mL)",Stem Ab 18,0.22,0.16,0.23,0.2,0.24,0.15,0.11,0.48,0.74,0.16,0.4,0.4,0.23,0.59,0.16,0.05,0.31,0.38,0.63,0.03,0.23,0.34,1.03,1.34,0.71,0.27,0.3,0.18,0.32,0.39,0.55,0.48,0.51,0.63,0.69,0.17,0.47,1.58,2.55,0.87,1.54,0.73,0.88,1.13,1.55,0.43,0.79,4.28,0.52,1.68,0.78
"Monoclonal Antibody, IC50 (ug/mL)",Stem Ab 19,0.29,0.21,0.49,0.1,0.18,0.15,0.19,2.35,0.82,0.19,0.31,0.67,0.35,1.01,0.19,0.19,0.27,0.11,0.56,0.03,0.3,0.8,0.74,0.99,0.46,0.26,0.24,0.12,0.46,0.37,0.27,0.38,0.58,0.69,0.44,0.16,0.87,>25.,4.63,1,2.2,0.96,1.09,2.33,1.94,0.66,0.75,>25.,0.36,2.2,0.88
"Monoclonal Antibody, IC50 (ug/mL)",Stem Ab 20,0.14,0.13,0.55,0.26,0.33,0.26,0.38,2.29,0.54,0.21,0.28,0.55,0.43,1.56,0.19,0.09,0.75,0.27,-,0.05,0.41,0.48,0.34,0.99,1.83,0.56,0.42,0.3,1.3,0.43,0.28,0.52,0.52,1.06,0.59,0.09,0.72,>25.,4.02,1.07,2.49,1.23,1.33,2.07,2.35,0.61,1.24,>25.,0.87,1.99,0.68
"Monoclonal Antibody, IC50 (ug/mL)",Stem Ab 21,0.09,0.17,0.33,0.15,0.3,0.12,0.37,0.31,0.37,0.13,0.05,0.28,0.29,1.18,0.2,0.08,0.67,0.26,-,0.04,0.45,0.46,0.34,0.44,1.39,1.94,0.63,1.77,2.39,0.66,0.58,0.96,0.81,2.37,1.67,0.28,2.99,0.64,14.08,7.73,4.97,0.88,1.35,13.06,6.28,1.07,2.82,-,1.89,3.62,2.92
"Monoclonal Antibody, IC50 (ug/mL)",Stem Ab 22,0.1,0.18,0.11,0.07,0.09,0.11,0.17,0.38,0.19,0.11,0.15,0.12,0.22,0.36,0.1,0.03,0.12,0.06,0.07,0.01,0.12,0.15,0.15,0.16,5.21,2.97,3.75,1.25,4.14,5.73,0.31,2.39,1.04,2.68,3.1,0.53,3.02,8.12,17.12,10.09,10.52,4.28,3.2,13.73,3.39,2.25,1.59,1.46,6.22,13.73,2.68
"Monoclonal Antibody, IC50 (ug/mL)",Stem Ab 23,-,0.28,0.33,0.09,0.19,0.31,0.25,0.5,0.46,-,0.16,0.53,0.34,0.23,-,0.09,0.14,0.15,0.17,0.06,-,-,-,0.35,2.14,-,0.2,1.44,-,-,0.42,-,>25.,-,3.21,1.89,-,-,>25.,>25.,-,-,>25.,>25.,12.68,1.86,-,>25.,-,>25.,>25.
"Monoclonal Antibody, IC50 (ug/mL)",Stem Ab 24,0.24,0.44,0.23,0.1,0.19,0.5,0.48,0.81,1.03,-,0.21,-,0.46,0.56,-,-,0.17,0.16,0.15,0.07,-,-,-,0.35,>25.,-,>25.,>25.,-,-,1.34,-,-,-,>25.,5.83,-,-,>25.,-,-,-,2.81,>25.,1.75,0.81,-,17.4,-,>25.,-
"Monoclonal Antibody, IC50 (ug/mL)",Stem Ab 25,0.09,0.09,0.08,0.08,0.06,0.1,0.09,0.14,0.27,0.1,0.16,0.2,0.14,0.37,0.07,0.04,0.12,0.23,-,0.01,0.08,0.11,0.41,0.4,>25.,>25.,>25.,>25.,>25.,>25.,>25.,>25.,>25.,>25.,>25.,>25.,>25.,>25.,>25.,>25.,>25.,>25.,>25.,>25.,>25.,>25.,>25.,-,>25.,>25.,>25.
"Monoclonal Antibody, IC50 (ug/mL)",Stem Ab 26,-,0.37,0.31,0.12,0.23,0.48,0.38,0.62,0.45,-,0.12,-,0.43,0.42,-,-,0.22,0.15,0.09,0.1,-,-,-,0.32,>25.,-,>25.,>25.,-,-,>25.,-,-,-,>25.,>25.,-,-,>25.,-,-,-,>25.,>25.,>25.,>25.,-,>25.,-,>25.,-
"Monoclonal Antibody, IC50 (ug/mL)",Stem Ab 27,0.21,0.1,0.18,0.16,0.27,0.14,0.17,0.48,0.77,0.23,0.28,0.37,0.63,0.25,0.35,0.06,0.16,0.44,-,0.04,0.52,0.2,0.31,0.41,>25.,>25.,>25.,>25.,>25.,>25.,>25.,>25.,>25.,>25.,>25.,>25.,>25.,>25.,>25.,>25.,>25.,>25.,>25.,>25.,>25.,>25.,>25.,-,>25.,>25.,>25.
"Monoclonal Antibody, IC50 (ug/mL)",Head Ab 1,>25.,>25.,0.1,>25.,>25.,>25.,>25.,0.02,>25.,>25.,>25.,0.08,0.09,>25.,0.04,4.39,5.2,>25.,-,-,-,-,-,-,0.24,>25.,>25.,>25.,>25.,>25.,>25.,>25.,>25.,-,>25.,>25.,>25.,6.65,0.03,0.1,0.03,0.006,0.01,0.02,0.21,0.43,0.04,>25.,>25.,0.05,-
"Monoclonal Antibody, IC50 (ug/mL)",Head Ab 2,0.16,>25.,>25.,11.34,>25.,>25.,0.02,0.03,0.009,0.008,0.01,0.23,0.06,0.01,0.03,0.03,1.42,>25.,-,-,-,-,-,-,>25.,>25.,>25.,>25.,>25.,>25.,>25.,>25.,>25.,-,>25.,>25.,>25.,>25.,>25.,>25.,>25.,>25.,>25.,>25.,>25.,>25.,>25.,-,>25.,>25.,-
"Monoclonal Antibody, IC50 (ug/mL)",Head Ab 3,>25.,>25.,>25.,>25.,>25.,>25.,>25.,>25.,>25.,>25.,>25.,>25.,>25.,>25.,>25.,>25.,>25.,>25.,-,-,-,-,-,-,0.09,0.17,0.11,0.04,0.33,1.02,1.05,2.24,0.76,-,2.51,0.12,0.55,1,>25.,10.69,7.92,1.13,2.35,>25.,22.62,1.27,0.79,0.68,0.71,>25.,-
"Monoclonal Antibody, IC50 (ug/mL)",Head Ab 4,>25.,>25.,>25.,>25.,>25.,>25.,>25.,4.04,>25.,>25.,>25.,23.58,>25.,>25.,8.9,4.04,7.19,>25.,-,-,-,-,-,-,0.04,0.04,0.03,0.04,0.1,0.05,0.05,0.1,0.11,-,0.03,0.02,0.06,0.03,7.42,0.08,0.19,0.007,0.02,0.04,6.94,0.38,0.04,14.55,0.01,0.1,-
"Monoclonal Antibody, IC50 (ug/mL)",Head Ab 5,-,0.02,>25.,0.08,0.003,0.09,9.6,>25.,11.67,-,2.92,-,>25.,4.68,-,-,0.72,0.04,>25.,>25.,-,-,-,>25.,>25.,-,>25.,>25.,-,-,>25.,-,-,-,>25.,>25.,-,-,>25.,-,-,-,>25.,>25.,>25.,>25.,-,>25.,-,>25.,-
"Monoclonal Antibody, IC50 (ug/mL)",Head Ab 6,0.55,2.01,0.37,0.73,0.6,0.1,0.009,>25.,0.05,0.02,0.03,>25.,0.23,0.01,0.18,>25.,>25.,6.94,0.05,-,-,-,-,-,>25.,>25.,>25.,>25.,>25.,>25.,>25.,>25.,>25.,-,>25.,>25.,>25.,>25.,>25.,>25.,>25.,>25.,>25.,>25.,>25.,>25.,>25.,-,>25.,>25.,-
"Antibody Mixture, IC50 (ug/mL)",Stem Ab 1 + Head Ab 3,>50.,>50.,>50.,>50.,>50.,>50.,>50.,>50.,>50.,>50.,>50.,>50.,>50.,>50.,>50.,>50.,-,>50.,-,-,-,-,-,-,0.18,0.13,0.25,0.1,0.58,0.47,0.3,0.6,1.07,-,1.07,0.41,1.08,2.36,-,2.04,4.08,0.68,0.61,1.17,1.11,0.24,-,-,0.23,5.61,-
"Antibody Mixture, IC50 (ug/mL)",Stem Ab 1 + Head Ab 4,>50.,>50.,28.42,>50.,>50.,>50.,>50.,4.68,>50.,>50.,>50.,41.25,>50.,>50.,23.33,3.24,-,>50.,-,-,-,-,-,-,0.04,0.07,0.06,0.11,0.27,0.47,0.08,0.63,0.21,-,0.05,0.07,0.11,0.04,-,0.08,0.15,0.02,0.03,0.23,0.87,0.09,-,-,0.07,0.44,-
"Antibody Mixture, IC50 (ug/mL)",Stem Ab 18 + Head Ab 1,0.94,0.29,0.08,0.32,0.49,0.4,0.5,0.02,0.38,0.22,0.42,0.11,0.06,1.36,0.05,0.29,-,1.32,-,-,-,-,-,-,0.38,1.04,0.73,0.95,2.27,0.89,0.82,0.75,1.49,-,2.13,0.71,1.88,6.34,-,0.11,0.03,0.004,0.01,0.12,0.22,0.11,-,-,0.64,0.22,-
"Antibody Mixture, IC50 (ug/mL)",Stem Ab 23 + Head Ab 5,-,0.02,0.44,0.07,0.01,0.03,0.4,0.83,0.59,-,0.29,-,0.43,0.45,-,-,0.24,0.02,-,-,-,-,-,0.48,2.61,-,0.98,3.54,-,-,14.86,-,-,-,10.76,>50.,-,-,>50.,-,-,-,>50.,-,>50.,5.06,-,-,-,-,-
"Antibody Mixture, IC50 (ug/mL)",Stem Ab 26 + Head Ab 2,-,0.36,0.49,0.1,0.33,0.5,0.03,0.03,0.05,-,0.02,-,0.05,0.02,-,-,0.3,0.17,-,-,-,-,-,0.65,>50.,-,>50.,>50.,-,-,>50.,-,-,-,>50.,>50.,-,-,>50.,-,-,-,>50.,-,>50.,>50.,-,-,-,-,-
"Antibody Mixture, IC50 (ug/mL)",Stem Ab 27 + Head Ab 2,0.34,0.28,0.09,0.11,0.35,0.46,0.02,0.04,0.02,0.01,0.04,0.4,0.08,0.02,0.04,0.06,-,0.69,-,-,-,-,-,-,>50.,>50.,>50.,>50.,>50.,>50.,>50.,>50.,>50.,-,>50.,>50.,>50.,>50.,-,>50.,>50.,>50.,>50.,>50.,>50.,>50.,-,-,>50.,>50.,-
"Antibody Mixture, IC50 (ug/mL)",Stem Ab 27 + Head Ab 1,0.8,0.34,0.07,0.17,0.49,0.39,0.54,0.03,0.63,0.36,0.28,0.11,0.06,2.19,0.02,0.38,-,1.04,-,-,-,-,-,-,0.63,>50.,>50.,>50.,>50.,>50.,>50.,>50.,>50.,-,>50.,>50.,>50.,>50.,-,0.12,0.03,0.008,0.01,0.11,0.24,0.2,-,-,>50.,0.26,-
"Antibody Mixture, IC50 (ug/mL)",Stem Ab 1 + Stem Ab 27,0.35,0.35,0.3,0.05,0.41,0.41,0.51,0.81,0.71,0.3,0.46,0.53,0.84,3.06,0.47,0.48,-,0.45,-,-,-,-,-,-,4.45,0.34,1.37,0.75,1.81,1.41,0.4,0.91,2.16,-,2.23,0.59,4.28,0.99,-,6.46,9.48,0.42,0.71,1.43,1.71,0.21,-,-,0.34,10.15,-
"Antibody Mixture, IC50 (ug/mL)",Stem Ab 2 + Stem Ab 25,0.13,0.15,0.11,0.1,0.12,0.2,0.14,0.12,0.13,0.13,0.14,0.27,0.23,0.44,0.17,0.21,-,0.17,-,-,-,-,-,-,0.84,0.11,0.24,0.19,0.44,0.29,0.1,0.25,0.28,-,0.55,0.39,1.53,0.95,-,1.24,0.88,0.31,0.54,3.61,2.79,0.56,-,-,0.14,1.91,-
"Antibody Mixture, IC50 (ug/mL)",Stem Ab 22 + Stem Ab 8,-,0.43,0.26,0.13,0.31,0.29,0.22,0.5,0.8,-,0.28,-,0.32,0.41,-,-,0.26,0.04,-,-,-,-,-,0.31,2.02,-,0.65,1.04,-,-,0.16,-,-,-,1.29,0.2,-,-,4.7,-,-,-,0.7,-,2.45,0.76,-,-,-,-,-
"Antibody Mixture, IC50 (ug/mL)",Stem Ab 22 + Stem Ab 12,-,0.3,0.19,0.14,0.32,0.28,0.26,0.48,0.44,-,0.23,-,0.51,0.35,-,-,0.21,0.06,-,-,-,-,-,0.3,1.14,-,0.34,0.62,-,-,0.07,-,-,-,0.57,0.06,-,-,8.73,-,-,-,0.65,-,2.18,0.71,-,-,-,-,-
"Antibody Mixture, IC50 (ug/mL)",Stem Ab 17 + Head Ab 1 + Head Ab 6,0.31,0.26,0.04,0.11,0.18,0.1,0.02,0.03,0.08,0.03,0.08,0.11,0.03,0.02,0.03,0.25,-,0.07,-,-,-,-,-,-,0.32,0.71,1.73,0.75,2.27,1.14,0.52,0.92,0.26,-,3.14,0.99,4.05,2.96,-,0.06,0.03,0.01,0.02,0.11,0.33,0.31,-,-,1.33,0.24,-
"Antibody Mixture, IC50 (ug/mL)",Stem Ab 3 + Head Ab 4 + Head Ab 1,>75.,>75.,0.16,>75.,>75.,>75.,>75.,0.04,22.04,>75.,>75.,0.14,0.08,>75.,0.08,1.46,-,>75.,-,-,-,-,-,-,0.05,0.05,0.09,0.09,0.29,0.37,0.08,0.33,0.59,-,0.07,0.04,0.11,0.07,-,0.12,0.04,0.003,0.01,0.11,0.34,0.05,-,-,0.14,0.18,-
"Antibody Mixture, IC50 (ug/mL)",Stem Ab 1 + Stem Ab 27 + Head Ab 1,1.02,0.43,0.09,0.38,0.56,0.24,0.68,0.04,0.64,0.37,0.47,0.16,0.07,3.81,0.08,0.56,-,1.26,-,-,-,-,-,-,0.47,0.56,1.57,0.88,2.81,2.06,0.57,1.29,2.89,-,2.86,1.26,5.07,6.79,-,0.15,0.04,0.006,0.03,0.14,0.27,0.13,-,-,0.68,0.3,-
